{
  "project_info": {
    "project_number": "163397636133",
    "project_id": "applicationpocketbills",
    "storage_bucket": "applicationpocketbills.appspot.com"
  },
  "client": [
    {
      "client_info": {
        "mobilesdk_app_id": "1:163397636133:android:a28d958a527dce296f2fcc",
        "android_client_info": {
          "package_name": "com.example.applicationpocketbills"
        }
      },
      "oauth_client": [],
      "api_key": [
        {
          "current_key": "AIzaSyD_cLPbjsAZ0iXfMwzX7T7xIGtfTMwhii0"
        }
      ],
      "services": {
        "appinvite_service": {
          "other_platform_oauth_client": []
        }
      }
    }
  ],
  "configuration_version": "1"
}